Timestamp	Have you ever tested positive to COVID-19?	What are your current living arrangements?	How tall are you?	How do you get to university?	What do you watch/listen to on the way to university?	If you were to spend two weeks travelling around Spain, how much would you budget towards spending each day (all inclusive: accomodation/activities/food/drink/entertainment)?	How do you feel about the idea of travelling overseas?	How often would you say you feel anxious on a daily basis?	How many hours a week do you spend studying?	Do you watch and/or read the news regularly?	What is your study load?	Do you work?	When you're in a Zoom lab, how often do you turn your camera on?	What is your favourite social media platform?	What is your gender?	What time did you go to sleep last night?	What time did you wake up this morning?	Pick a number at random between 0 and 9	How do you like your steak cooked?	What is your dominant hand?	Which unit are you enrolled in?	On average, how many hours each week do you spend exercising?	How many hours a week (on average) do you work in paid employment?	What city and suburb do you currently reside in?	On average, how much are you able to save per week (in AUD)?	In an average week during the semester, do you make an hourly plan of your day?	In an average semester, how many weeks (on average, between all subjects) are you behind on lectures, labs and tutorials?	Do you submit assignments on time?	Have you ever used R before starting DATA2x02?	What kind of role (active or passive) do you think you are when working as part of a team?	How much time do you usually spend on DATA2x02 each week?	 How many hours do you spend on social media per day? 	Which year of university are you currently in?	Which sports do you play most often?	What is your WAM?	What is your shoe size?	If you used a time machine to travel into the past, which 20th century decade would you choose?
15/08/2022 15:28:42	No	With parent(s) and/or sibling(s)	1,58	I never travel to campus	I never travel to campus	50-100USD	10	3	44	Sometimes	Full time	Part time	Never	youtube	female	02:00:00	07:30:00	7	Rare	Right	DATA2002	24	10	china		1-3 days	1	Always	No	5	11	2	Second year	Swimming		6.5	1990-2000
15/08/2022 15:30:12	Yes	College or student accomodation	165	Bus, Walk	Music, YouTube	100	4	8	35	Sometimes	Full time	I don't currently work	Never	Twitter	Non-binary	06:00:00	11:00:00	3	Medium-rare	Right	DATA2002	2	0	Redfern	50	Never	1	Always	Yes	8	6	13	Third year	Volleyball, Swimming	70	9.5	1960-1970
15/08/2022 15:31:59	Yes	Share house	180	Walk	Music	$700	7	8	14	Sometimes	Full time	Part time	Some of the time	WeChat	male	02:00:00	08:20:00	6	Medium	Right	DATA2002	4	20	Sydney Ultimo	100	1-3 days	2	Sometimes	Yes	7	4	6	Second year	Table tennis		43	1990-2000
15/08/2022 15:33:26	Yes	With parent(s) and/or sibling(s)	182	Train, Walk	Music, YouTube, Lecture recordings	200	10	2	8	No	Full time	Casual	Never	Instagram	Male	00:00:00	07:40:00	1	Medium-rare	Right	DATA2902	4	11	Hornsby	300	1-3 days	0	Always	Yes	9	4	1	Second year	Volleyball	80	10	1970-1980
15/08/2022 15:35:30	Yes	With parent(s) and/or sibling(s)	173	Train	Music, Podcasts	5	7	2	6	Sometimes	Full time	Casual	Never	pornhub		11:30:00	09:30:00	4	Medium-rare	Right	DATA2902	8	10	Sydney, Waverton	300	Never	0	Always	Yes	5	4	2	Second year	pogostick	72	9.5	1990-2000
15/08/2022 15:35:52	No	With parent(s) and/or sibling(s)	163	Bus	Music	dont know	2	10	3	Sometimes	Full time	Part time	Never	twitter	female	01:00:00	09:00:00	5	Medium-rare	Right	DATA2002	0	21	cherrybrook	350	Never	4	Usually	Yes	1	3	5	Third year	I don't play any sport	50	12	1990-2000
15/08/2022 15:37:09	No	Share house	183cm	Bus	I don't watch or listen to anything on the way to university	2000	5	6	40	Sometimes	Full time	Casual	Never	Discord	male	01:24:00	07:22:00	6	Medium-well done	Right	DATA2902	1	0	Waterloo	0	Never	1	Always	Yes	5	8	2	Second year	Basketball	89.1	8	1990-2000
15/08/2022 15:38:33	Yes	With partner	6'3"	Walk	I don't watch or listen to anything on the way to university, Music	150	9	3	20	Sometimes	Full time	Casual	Never	tik tok	male	22:00:00	03:15:00	7	Medium-rare	Right	DATA2002	6	15	Sydney, Chippendale	100	1-3 days	3	Usually	Yes	7	6	3	Second year	basketball	65	11	1960-1970
15/08/2022 15:39:35	No	With parent(s) and/or sibling(s)	166	Train	I don't watch or listen to anything on the way to university	on average 150 dollars	10	6	50	Sometimes	Full time	Casual	Some of the time	wechat	female	23:00:00	08:00:00	8	Medium	Right	DATA2002	5	11		200	Always	2	Always	Yes	10	10	2	Second year	badminton	89.3	36	1990-2000
15/08/2022 15:44:02	Yes	With parent(s) and/or sibling(s)	165	Train, Bus, Walk	Music, YouTube, Lecture recordings	3000	8	4	3	Sometimes	Full time	Casual	Only in breakout rooms	Instagram	Female	23:30:00	05:55:00	9	I don't eat beef	Right	DATA2002	3	15	Parramatta	350	Never	8	Usually	Yes	5	1	5	Second year	I don't play any sport	50	7	1990-2000
15/08/2022 15:45:49	No	Share house	177.5	Bus, Walk	Music	100	8	5	40	Sometimes	Full time	Part time	Only in breakout rooms	Facebook Messenger	male	00:30:00	09:00:00	8	Medium-rare	Right	DATA2002	8	14			Never	1	Usually	Yes	9	15	0.25	Second year	Soccer, Tennis, Table tennis, Running	65	9	1950-1960
15/08/2022 15:49:18	No	Share house	163	Bus	Music	6000	10	7	30	No	Full time	Part time	Only in breakout rooms	ins	female	02:30:00	11:00:00	2	Medium-well done	Right	DATA2002	3	3	zetland	0	1-3 days	10	Always	Yes	7	7	8	Third year	Swimming		38.5	1900-1910
15/08/2022 15:51:55	No	Alone	169 cm	Train	Music	500	10	5	10	Yes	Full time	Part time	Never	instagram	female	02:00:00	09:00:00	7	Medium-rare	Right	DATA2002	24	20	mascot	300	1-3 days	2	Always	Yes	10	4	6	Second year	Table tennis, Swimming	5	38	1990-2000
15/08/2022 15:53:07	Yes	College or student accomodation	152 cm	Walk	Music		10	2	17	No	Full time	Casual	Only in breakout rooms	Instagram	Female	04:15:00	09:00:00	5	Medium	Right	DATA2002	0	13	Newtown	100	Never	4	Always	Yes	7	6	5	Second year	I don't play any sport		37	1990-2000
15/08/2022 15:53:43	No	Share house	173	Walk	Lecture recordings	$300	5	2	60	Yes	Full time	Part time	Some of the time	YouTube and BiliBili	Male	06:00:00	00:00:00	7	fry:)	Right	DATA2002	168	2	SYDNEY	100	Always	12	Sometimes	Yes	10	10	2	Second year	Table tennis	80	11	1940-1950
15/08/2022 15:54:17	No	Share house	160cm	Bus	I don't watch or listen to anything on the way to university		5	3	10	No	Full time	I don't currently work	Some of the time	wechat	female	01:00:00	09:00:00	3		Right	DATA2002	0	0	Croydon		4-6 days	1	Usually	Yes	5	3	2	Second year	I don't play any sport		7	1990-2000
15/08/2022 15:54:34	Yes	With parent(s) and/or sibling(s)	175	Train	Music, YouTube	2k	10	1	5	Yes	Full time	Casual	Most of the time	youtube	M	23:00:00	08:43:00	7	Medium	Right	DATA2002	7	25	sydney	69420	1-3 days	0	Always	Yes	7	7	2	Second year	Running	75	9.5	1940-1950
15/08/2022 15:57:37	No	Share house	174	Car	Music	200	7	8	14	Sometimes	Full time	Casual	Never	twitter	Male	03:00:00	12:00:00	7	Medium-rare	Right	DATA2002	4	4	Zetland	400	1-3 days	1	Always	Yes	7	4	0.3	Third year	Badminton	72	10	1960-1970
15/08/2022 16:01:27	No	With parent(s) and/or sibling(s)	5'6	Train	Music, Podcasts, Lecture recordings	I actually just came back. $4,000	10	4	40	Yes	Full time	Casual	Only in breakout rooms	Instagram	Female	23:00:00	08:00:00	5	Medium-well done	Right	DATA2002	7	15	Killara	400	Always	0	Always	Yes	8	4	2	Second year	Netball, Cricket, Tennis	83	7.5	1970-1980
15/08/2022 16:05:57	No	Share house	176	Bus	Music, YouTube, Lecture recordings	3000AUD	7	5	30	Sometimes	Full time	I don't currently work	Only in breakout rooms	Tiktok	Male	01:00:00	08:00:00	4	Medium-well done	Right	DATA2002	8	0	Australia	1000	4-6 days	0	Always	Yes	8	8	2	Second year	Basketball	1	42.5	1990-2000
15/08/2022 16:06:38	No	College or student accomodation	176 cm	Walk	Music	200	9	1	20	Sometimes	Full time	I don't currently work	Only in breakout rooms	Snapchat	Male	01:00:00	08:30:00	3	Medium	Right	DATA2002	7	6	Newtown	50	1-3 days	0	Usually	Yes	6	6	3	Fourth year	Soccer		43	1970-1980
15/08/2022 16:06:48	Yes	Share house	175	Train, Bus, Walk, Tram	Music, Podcasts, YouTube, Lecture recordings	$160	10	3	25	Yes	Full time	Full time	Most of the time	Discord	M	06:00:00	10:00:00	6	Medium-rare	Left	DATA2002	4	25	Parramatta	600	1-3 days	0.5	Usually	Yes	4	6	1.5	Second year	Soccer	78.5	9.5	1950-1960
15/08/2022 16:07:51	No	Share house	165cm	Train, Bus, Walk	Music, Streaming service (e.g. Netflix)	300	9	7	40	Sometimes	Full time	I don't currently work	Never	Insta	Female	00:00:00	08:30:00	3	Medium-well done	Right	DATA2002	2	0	Wolli Creek	400	Never	6	Always	Yes	8	10	3	Second year	I don't play any sport	70	7	1920-1930
15/08/2022 16:08:02	No	With parent(s) and/or sibling(s)	159	Train, Bus, Tram	Music, YouTube	250	9	10	15	Yes	Full time	Part time	Never	instagram	female	22:00:00	07:30:00	7	Medium	Right	DATA2002		15	Sydney	300	Never	1	Always	Yes	7	15		Third year	weight lifting 		7	1970-1980
15/08/2022 16:09:38	No	With parent(s) and/or sibling(s)	176	Bus	Music, YouTube	200	10	3	15	Yes	Full time	Casual	Some of the time	Twitter	Male	02:00:00	09:57:00	2	Rare	Right	DATA2902	5	5	Hunters Hill	0	Never	2	Always	Yes	9	1	2	Second year	Tennis, Table tennis, Swimming	91	9	1970-1980
15/08/2022 16:10:21	No	Share house	170	Train	Music	500	9	3	60	Yes	Full time	I don't currently work	Never	wechat, ins,tictok	male	12:30:00	07:30:00	8	Medium-rare	Right	DATA2002	10	0	sydney, wolli creek	500	Never	1	Always	Yes	9	10	5	Second year	basketball, gym	65	8.5	1990-2000
15/08/2022 16:13:27	No	With parent(s) and/or sibling(s)	180 cm	Train, Walk, I never travel to campus	I never travel to campus	300	5	2	40	Sometimes	Full time	Part time	Only in breakout rooms	YouTube	M	01:00:00	09:00:00	0	Medium	Left	DATA2902	6	22	Sydney, Kareela	600	Never	0	Never	Yes	10	10	3	Second year	I don't play any sport	90.06944444	10.5	1990-2000
15/08/2022 16:16:34	No	With parent(s) and/or sibling(s)	165	I never travel to campus	I never travel to campus		5	6	40	Sometimes	Part time	I don't currently work	Never	wechat	female	23:00:00	07:50:00	2	Well done	Right	DATA2002	2				4-6 days	1	Always	Yes	7	10	2	Second year	Tennis		38	
15/08/2022 16:17:49	Yes	With partner	161cm	Train, Bus, Car	I don't watch or listen to anything on the way to university	200 AUD	10	7	36	Yes	Full time	I don't currently work	Never	Little Red Book	female	23:00:00	08:00:00	3	Medium-well done	Right	DATA2902	5	0	Sydney, Chatswood	50	Never	1	Always	Yes	8	7	2	Second year	Table tennis	78	36.5	1990-2000
15/08/2022 16:18:07	Yes	With parent(s) and/or sibling(s)	164	Train	Music, YouTube, Streaming service (e.g. Netflix)	350	8	8		No	Full time	Casual	Never	TikTok	Female	02:00:00	11:00:00	5	Medium-rare	Right	DATA2002	1	3.5	Sydney, Waverton	50	Never	3	Sometimes	Yes	3		6	Second year	Soccer, Pilates		7	1980-1990
15/08/2022 16:19:35	No	Alone	159	Walk	I don't watch or listen to anything on the way to university	100	5	7	40	Sometimes	Full time	I don't currently work	Some of the time	youtube	female	12:00:00	09:00:00	6	Medium-well done	Right	DATA2002	5	0	Glebe	0	4-6 days	3	Usually	Yes	6	15	2	Second year	I don't play any sport, running		3.5	1940-1950
15/08/2022 16:21:04	No	Share house	160cm	Walk	Music	500	8	6	30	Sometimes	Full time	I don't currently work	Some of the time	Messages	F	12:00:00	08:20:00	7	Medium	Right	DATA2002	2	0	Chippendale, Sydney	0	1-3 days	3	Always	Yes	8	7.5	1	Second year	I don't play any sport	70	39	1960-1970
15/08/2022 16:23:51	No	College or student accomodation	187	Walk	Music	250	10	3	25	No	Full time	I don't currently work	Some of the time	Instagram	M	03:45:00	08:00:00	1	Medium	Right	DATA2002	4	0	Chippendale	0	Never	2	Always	Yes	8	5	3	Second year	I don't play any sport	89	11	1990-2000
15/08/2022 16:23:57	No	With parent(s) and/or sibling(s)	171	Train, Car	Music	50	10	8	10	No	Full time	I don't currently work	Never	reddit	Female	06:00:00	14:00:00	4	Medium	Right	DATA2002	2	0	fairfield	0	1-3 days	6	Sometimes	Yes	6	6	4	Third year	Tennis, Bouldering	72	8	1990-2000
15/08/2022 16:24:25	No	Alone	162cm	Train, Bus, Car	YouTube	20000	10	8	30	No	Full time	I don't currently work	Only in breakout rooms	no	Female	02:30:00	11:00:00	8	Medium	Right	DATA2002	1	1	hunan	300	Always	0	Always	Yes	6	8	10	Second year	Tennis, Swimming	75	38	1980-1990
15/08/2022 16:24:36	No	With parent(s) and/or sibling(s)	183	Bus, Walk	Music	1000		7	8	Yes	Full time	I don't currently work	Some of the time	Instagram	Male	06:45:00	11:59:00	6	Medium-rare	Right	DATA2002	0	0	Taipei	50	1-3 days	2	Sometimes	Yes	5	7	10	Second year	Basketball	67	12	1990-2000
15/08/2022 16:24:36	No	With parent(s) and/or sibling(s)	6"5 or 195cm	Train, Bus, Car, Walk	I don't watch or listen to anything on the way to university, Music	400	4	7	30	Sometimes	Full time	I don't currently work	Never	N/A	Male	00:45:00	10:30:00	7	Medium-well done	Right	DATA2902	1	2	Northern Beaches, Sydney	-20	1-3 days	1.5	Always	Yes	6	9	0.5	Second year	Soccer, I don't play any sport, Basketball	79.8	15	1960-1970
15/08/2022 16:26:12	No	With partner	179	Bus	I don't watch or listen to anything on the way to university	500	8	7	7	Sometimes	Full time	I don't currently work	Only in breakout rooms	tictoc	male	01:20:00	07:30:00	9	Medium-rare	Left	DATA2002	7	0	sydney	300	1-3 days		Never	Yes	7	1	5	Second year	Tennis, Golf	50	42	1950-1960
15/08/2022 16:27:37	No	With parent(s) and/or sibling(s)	173cm	Train	Lecture recordings	400	9	7	12	Sometimes	Full time	Casual	Only in breakout rooms		Male	22:00:00	05:45:00	7	Rare	Right	DATA2002	6	15	Tuggerah	350		0	Always	Yes	8	6	2	Second year		75.98	8	1950-1960
15/08/2022 16:31:03	No	With parent(s) and/or sibling(s)	181	Bus, Walk	Music	500	6	5	15	Sometimes	Full time	I don't currently work	Some of the time	wechat	male	01:30:00	09:30:00	7	Well done	Right	DATA2002	5	0	Ningbo	400	4-6 days	1	Always	Yes	9	2	4	Third year	I don't play any sport	65	41	1990-2000
15/08/2022 16:33:24	No	With parent(s) and/or sibling(s)	180cm	Walk	I don't watch or listen to anything on the way to university, Music	600$	10	2	25	No	Full time	I don't currently work	Some of the time	instagram	male	23:00:00	06:30:00	4	Medium-well done	Right	DATA2002	8	0	sydney	0	1-3 days	2	Always	Yes	10	6	0.5	Second year	Soccer, Golf, Swimming			1980-1990
15/08/2022 16:42:15	No	College or student accomodation	172	I never travel to campus	Music	300	8	5	4	Sometimes	Full time	I don't currently work	Only in breakout rooms	instagram	male	00:50:00	11:10:00	5	Medium-rare	Right	DATA2002	8	0	sydney	10	4-6 days	2	Usually	Yes	5	5	2	Second year	Soccer, Rowing	62	10	1970-1980
15/08/2022 16:43:35	Yes	With parent(s) and/or sibling(s)		Train, Bus, Car	Music		5	5		No	Full time	Part time	Some of the time	Reddit	Male	00:30:00	08:00:00	4	Medium-rare	Right	DATA2002	2	7.5			Never	1	Always	Yes	6		1.5	Fifth or higher year	I don't play any sport	88.9		1970-1980
15/08/2022 16:46:38	No	With parent(s) and/or sibling(s)	167cm	Train	I don't watch or listen to anything on the way to university	$200	7	5	15	Yes	Full time	Casual	Only in breakout rooms	Facebook	Male	23:00:00	07:00:00	7	Medium-well done	Right	DATA2902	2	4	Epping	100	1-3 days	1	Always	Yes	7	3	0.5	Third year	Cycling	90	8	1980-1990
15/08/2022 16:47:29	Yes	College or student accomodation	176	Walk	Music	100	10	2	30	No	Full time	I don't currently work	Never in zoom lab	Instagram	Female	23:00:00	10:00:00	3	Medium-rare	Right	DATA2002	6	0	Sydney, Camperdown	0	Never	1	Always	No	10	10	1	Third year	Rowing	80	39	1960-1970
15/08/2022 16:48:02	No	With parent(s) and/or sibling(s)	174 cm	Train, Car, Walk	Podcasts, Lecture recordings	500	5	6	5	Sometimes	Full time	Self employed	Only in breakout rooms	instagram	Female	12:30:00	10:30:00	3	I don't eat beef	Right	DATA2002	5	2		50	Never	5	Usually	Yes	5	5	2	Second year	Netball	66	8	1990-2000
15/08/2022 16:48:59	Yes	With parent(s) and/or sibling(s)	160cm	Walk	Music	AUD 200	6	6	30	Yes	Full time	I don't currently work	Only in breakout rooms	instagram	female	12:00:00	09:00:00	5	Medium-rare	Right	DATA2002	6	0	redfern	100	Never	1	Always	No	6	5	5	Second year	kendo	78	6.5	1980-1990
15/08/2022 16:52:44	Yes	Alone	167	Walk	I don't watch or listen to anything on the way to university	$200	8	7	20	No	Full time	Casual	Never	Instagram	Male	01:00:00	06:50:00	7	Medium	Right	DATA2002	5	10	Sydney, Redfern	400	Always	1	Always	Yes	8	6	1	Second year	pool	81	42.5	1990-2000
15/08/2022 16:56:26	No	With parent(s) and/or sibling(s)	162	Train, Bus, Car, Walk	Music	$100	4	10	40	Yes	Full time	I don't currently work	Some of the time	ed forums	f	00:00:00	09:00:00	7	I don't eat beef	Right	DATA2902	5	0	Sydney, North Ryde	60	Never	1	Always	Yes	6	6	5	Second year	I don't play any sport	99	8	1980-1990
15/08/2022 17:00:33	Yes	With parent(s) and/or sibling(s)	170	Bus, Car, Walk	Music	$200	9	6	15	Sometimes	Full time	Casual		Instagram	female	10:30:00	07:25:00	4	Medium-rare	Right	DATA2902	3	17	Sydney	300	1-3 days	0	Always	Yes	7	7	3	Second year	Netball, Table tennis, Swimming		8	1980-1990
15/08/2022 17:02:31	No	With parent(s) and/or sibling(s)	173cm	I never travel to campus	I never travel to campus		5	5	40	Sometimes	Full time	I don't currently work	Never	weibo	female	22:30:00	07:30:00	2	Medium	Right	DATA2002		0		100	1-3 days		Always	Yes	9	8	2	Second year	Table tennis		39	1990-2000
15/08/2022 17:03:29	No	Share house	165	Train, Bus, Walk	I don't watch or listen to anything on the way to university		9	3	35	Sometimes	Full time	Casual	Some of the time		female	01:00:00	08:30:00	7	Medium-well done	Right	DATA2002	7	10	Sydney Arncliffe	0	4-6 days		Usually	Yes	8	6	1	Third year	Table tennis		39	1990-2000
15/08/2022 17:05:46	No	With partner	172	Train	Music, Podcasts, Streaming service (e.g. Netflix), Lecture recordings	$200	10	4	30	No	Full time	I don't currently work	Some of the time	Instagram	Female	00:30:00	07:50:00	6	Medium-rare	Left	DATA2002	5	0		20	4-6 days	2	Usually	Yes	7	9	1	Third year	Table tennis, Pool		40	1990-2000
15/08/2022 17:09:24	Yes	With parent(s) and/or sibling(s)	157	Train, Bus, Walk	Music, Lecture recordings	350	4	7	18	Sometimes	Full time	Casual	Only in breakout rooms	Instagram	female	00:30:00	10:30:00	7	Medium	Right	DATA2002	0	19	Sydney	350	Never	3	Always	Yes	8	6	3	Second year	I don't play any sport	79	6	1920-1930
15/08/2022 17:11:20	Yes	With parent(s) and/or sibling(s)	184cm	Train	Lecture recordings	$200	9	3	45	Sometimes	Full time	Part time	Most of the time	Snapchat	Male	22:00:00	06:00:00	8	Medium	Right	DATA2002	10	20	Artarmon	500	4-6 days	0	Always	Yes	10	10	2	Second year	Running	85	11	1970-1980
15/08/2022 17:42:11	Yes	With parent(s) and/or sibling(s)	166cm	Train, Bus	Music, Podcasts	$100	7	5		Sometimes	Full time	Part time	Only in breakout rooms	Twitter 	Female	01:30:00	08:30:00	3	Medium	Right	DATA2002	3	16	North-West of Sydney 	250	1-3 days	4	Sometimes	No		6	3	Third year	I don't play any sport	81	8	1920-1930
15/08/2022 17:46:22	Yes	With parent(s) and/or sibling(s)		Train, Bus	Music, YouTube	500	2	5	20	No	Full time	Casual	Only in breakout rooms	Youtube	Male	22:00:00	08:00:00	0	Medium-rare	Left	DATA2002	7	0	Hornsby	0	1-3 days	0	Always	Yes	6	5	2	Second year	I don't play any sport	73	7	1980-1990
15/08/2022 17:50:44	Yes	With parent(s) and/or sibling(s)	6"1	Train	Music, Podcasts	4000 AUD	9	1	50	No	Full time	Casual	Only in breakout rooms	Instagram	Male	21:30:00	05:30:00	7	Medium-well done	Right	DATA2002	2	10	Seven Hills	300	1-3 days	1	Always	Yes	8	8	1.5	First year	Swimming, Track	84.6	10	1930-1940
15/08/2022 17:56:59	No	With parent(s) and/or sibling(s)	175	Train	Music, YouTube	300	10	2	24	Sometimes	Full time	Self employed	Only in breakout rooms	Facebook	Male	11:45:00	09:00:00	8	Medium-rare	Right	DATA2902	8	8	Longueville, Sydney	200	Never	0	Always	Yes	8	6	2	Third year	Soccer, Cricket, Golf	91.2	10	1980-1990
15/08/2022 18:07:12	No	With parent(s) and/or sibling(s)	157	Train, Car, Walk	Music, YouTube, Streaming service (e.g. Netflix)	550	6	7	48	Yes	Full time	Part time	Some of the time	messenger	female	23:30:00	08:00:00	6	Well done	Right	DATA2002	4	8	rydalmere	350	1-3 days	2	Always	No	6	8	1	Second year	I don't play any sport	87	4	1980-1990
15/08/2022 18:11:32	Yes	With parent(s) and/or sibling(s)	168	Train, Walk	Music	250	7	3	20	Yes	Full time	Casual	Never	Instagram	Male	03:30:00	10:30:00	6	Medium	Right	DATA2902	1	6	Sydney	300	Never	0	Always	Yes	7	7	4	Second year	Badminton	85	29.2	1980-1990
15/08/2022 18:14:59	No	Alone	157	Bus, Car, Walk	Music		6	10	25	Sometimes	Full time	I don't currently work	Some of the time	YouTube, Tiktok, Instagram, Reddit 	Female 	04:00:00	00:15:00	4	Medium-rare	Right	DATA2002	3		Chippendsle		Always	1	Always	Yes	7	10	3	Second year	Soccer, Swimming	65.5	36	1980-1990
15/08/2022 18:19:26		With parent(s) and/or sibling(s)	172cm		Music, Podcasts, YouTube, Lecture recordings			6	10	Sometimes	Full time	Part time	Some of the time	Facebook	Female	01:30:00	08:25:00	0		Right			13	Sydney		4-6 days	4	Sometimes	Yes	6	2	2	Third year	Oztag	71		1990-2000
15/08/2022 18:21:47	Yes	With parent(s) and/or sibling(s)	6ft	Train	I don't watch or listen to anything on the way to university	$300	8	10	30	Sometimes	Full time	Casual	Only in breakout rooms	instagram	male	02:30:00	11:00:00	5	I don't eat beef	Right	DATA2002	13	15	sydney	50	Never	2	Always	Yes	7	8	7	Second year	Table tennis, bowling	99	13	1990-2000
15/08/2022 19:09:38	No	With parent(s) and/or sibling(s)	167cm	Train, Bus	Music, Podcasts, YouTube, Lecture recordings	200	4	6		Sometimes	Full time	Part time	Never		femaile	02:30:00	10:30:00	8	Medium-rare	Right	DATA2902	4	18	Hornsby	200	Never	2	Always	Yes	7	6	10	Second year	I don't play any sport			1990-2000
15/08/2022 19:19:52	Yes	With parent(s) and/or sibling(s)	1.83m	Bus, Car	Music, Podcasts	500	10	1	35	Sometimes	Full time	Casual	Most of the time	messenger	male	01:00:00	08:30:00	9	Medium-rare	Ambidextrous	DATA2002	20	10	Sydney, Cremorne	200	Always	0	Always	Yes	7	6	2	Second year	Rugby, Golf, Gym and boxing	81	10	1980-1990
15/08/2022 19:26:17	No	College or student accomodation	175 cm	Walk	I don't watch or listen to anything on the way to university	200	10	5	40	Sometimes	Full time	I don't currently work	Only in breakout rooms	Instagram	Male	00:00:00	08:15:00	3	Medium-rare	Right	DATA2002	5	0	DARLINGTON	0	Never	2	Usually	Yes	9	6	6	Second year	Tennis	80	11	1990-2000
15/08/2022 20:11:04	No	With partner		Train, Bus, Car, Walk, Tram	Music, YouTube, Streaming service (e.g. Netflix), Lecture recordings	AUD6000	10	10	50	Yes	Full time	Part time	Only in breakout rooms	wechat	male	00:00:00	10:00:00	7	Medium-rare	Right	DATA2002	6	0	offshore	400	Always	0	Always	Yes	10	10	4	Second year	Soccer, Tennis, Table tennis, Golf, Swimming, Rowing	75	10	1990-2000
15/08/2022 20:13:39	Yes	Share house	180	Train	I don't watch or listen to anything on the way to university	250	5	1	1000000	Yes	Full time	I don't currently work	Only when teacher requires us to turn on 	tiktok	male	23:00:00	07:00:00	3	Well done	Right	DATA2002	6	0	Sydney	0	Always	1	Always	Yes	4	7	4	Second year	basketball	55	11	1940-1950
15/08/2022 20:19:58	Yes	With parent(s) and/or sibling(s)	177cm	Train, Bus, Walk	Music, YouTube, Streaming service (e.g. Netflix)	200	6	4	25	Sometimes	Full time	I don't currently work	Never	Discord	Male	00:00:00	09:30:00	7	Medium-well done	Right	DATA2002	10	0	Sydney Blacktown	0	Never	2	Always	Yes	6	6	2	First year	Volleyball		12	1980-1990
15/08/2022 20:20:41	Yes	With partner	1.77m	Train, Bus, Walk	Music, YouTube, Lecture recordings	300	7	5	26	Sometimes	Full time	Part time	Some of the time	insta	Male	23:00:00	09:30:00	7	Medium	Right	DATA2002	2	18	Burwood,NSW	150	4-6 days	2	Always	Yes	6	7	2	Second year	Table tennis, Swimming, Badminton 	65	9	1990-2000
15/08/2022 20:50:28	No	Alone	176	Walk	I don't watch or listen to anything on the way to university	200	7	6	24	No	Full time	I don't currently work	Some of the time	twitter	male	00:30:00	10:00:00	8	Medium	Right	DATA2002	0	0	Sydney, Forest Lodge	100	1-3 days	5	Always	Yes	8	7	2	Third year	Swimming	75	9	1990-2000
15/08/2022 20:55:02	No	College or student accomodation	172	Walk	Music	120 Aud	9	9	84	Sometimes	Full time	I don't currently work	Some of the time	Bilibili, Tiktok, Wechat	Male	12:00:00	06:00:00	0	Medium-well done	Right	DATA2002	7	0	Sydney	70	Always	2	Usually	Yes	6	30	2	Third year	Running	65	41	1960-1970
15/08/2022 21:07:10	No	Alone	175cm	Walk	Music	200AUD 	7	8	36	Yes	Full time	I don't currently work	Never	RED (Xiaohongshu)	Male	00:30:00	07:30:00	8	Medium-well done	Right	DATA2002	12	0	Sydney	0	1-3 days	1	Usually	Yes	4	8	2	Third year	Table tennis	75	10	1980-1990
15/08/2022 21:08:29	No	With parent(s) and/or sibling(s)		I never travel to campus	I never travel to campus, Music		3	7		Sometimes	Full time	Casual	Never		female	01:30:00	11:00:00	8	Medium	Right	DATA2002	4				1-3 days		Always	Yes	6			Second year				1990-2000
15/08/2022 21:09:40	Yes	With parent(s) and/or sibling(s)	170 cm	Train, Walk	Music, Podcasts	$100	9	5	40	Yes	Full time	Casual	Only in breakout rooms	Instagram	Female	00:30:00	08:00:00	7	Rare	Right	DATA2902	4	10	Beecroft, Sydney	100	Never	3	Always	Yes	8	10	1	Second year	Tennis	81	8	1920-1930
15/08/2022 21:32:37	No	With parent(s) and/or sibling(s)	183	Train, Walk	Music	200	9	3	30	No	Full time	Part time	Only in breakout rooms	instagram	male	12:00:00	08:15:00	2	Medium-rare	Right	DATA2002	6	55		1500	Never		Always	Yes	8	8	2	Second year	Swimming	80	11	1970-1980
15/08/2022 21:34:33	Yes	With parent(s) and/or sibling(s)	6 foot 0 inch	I never travel to campus	Music, Podcasts	$250	7	5	3	Sometimes	Full time	Casual	Never	twitter	Male	23:00:00	07:00:00	1	Medium-rare	Right	DATA2002	2	22	Kellyville, Sydney	250	Never	1	Always	Yes	10	5	2.5	Third year	Tennis	68	11	1900-1910
15/08/2022 21:38:20	Yes	With parent(s) and/or sibling(s)	169 cm	Train	Music	500	8	8	20	Yes	Full time	Casual	Some of the time	instagram	Male	00:20:00	06:20:00	4	Medium	Right	DATA2002	5	5	Chatswood, Sydney	500	Never	7	Always	Yes	6	10	8	Second year	Frisbee	73	10	1900-1910
15/08/2022 21:54:47	Yes	With parent(s) and/or sibling(s)	176	Train, Bus	Music, Podcasts, YouTube, Streaming service (e.g. Netflix)	250	10	4	10	Sometimes	Full time	Part time	Some of the time	Twitter	Male	12:00:00	07:00:00	7	Medium-rare	Right	DATA2002	3	30	Sydney		1-3 days	1	Usually	Yes	8	10	4	Third year	Cricket, Rowing		11	1990-2000
15/08/2022 22:16:37	Yes	Alone	158cm	Walk	Music, Podcasts		4	10	24	Yes	Full time	Contractor	Never	instagram	female	04:00:00	06:30:00	6	Rare	Right	DATA2002	2.5	0	newton 		Always	1	Always	Yes	3	12	4	Second year	badminton	55	41	1980-1990
15/08/2022 22:26:01	No	With parent(s) and/or sibling(s)	175	I never travel to campus	I never travel to campus	800	9	5	40	No	Full time	I don't currently work	Some of the time	bilibili	male	12:00:00	08:30:00	3	Medium	Right	DATA2002	8	0	Beijing	0	Never	1	Always	Yes	3	5	3	Second year	Golf, Swimming		42.5	1980-1990
15/08/2022 22:55:57	Yes	With partner	1.63m	Train, Walk	Music, YouTube, Streaming service (e.g. Netflix)	accomodation: Choose airbnb to save money. activities: Prefer Cultural monuments or Museum, and natural scenery; which wont spend much money. Maybe spend more money on eating and drinking 	10	7	50	Sometimes	Full time	Casual	Only when asked to 	Wechat	Female	01:30:00	10:30:00	6	Medium-rare	Right	DATA2002	2	12	Hurstville	0	Never	4	Always	Yes	7	10	3	Second year	Volleyball, Table tennis, Swimming	74	37	1980-1990
15/08/2022 22:59:04	Yes	Alone	160cm	Bus, Walk	Music	no idea	10	7	30	Sometimes	Full time	I don't currently work	Some of the time	Instagram	female	01:30:00	07:00:00	7	Medium	Right	DATA2002	6	0	Forest Lodge, Sydney	600	1-3 days	2	Always	Yes	8	6	3	Second year	Table tennis	78	37	1990-2000
15/08/2022 23:53:01	No	Share house	165	Bus	Music	5000aud 	10	7	20	Sometimes	Full time	Casual	Only in breakout rooms	Instagram 	Female 	01:30:00	11:30:00	6	Medium-well done	Right	DATA2002	2	18	Sydney, Haymarket	150	Never	1	Always	No	7	5	2	Second year	Swimming, badminton 	60	25	1980-1990
16/08/2022 00:16:33	No	With parent(s) and/or sibling(s)	155	Train	Music, Podcasts	$200	10	7	20	No	Full time	Part time	Only in breakout rooms	Tik Tok	Female	00:00:00	08:30:00	6	I don't eat beef	Right	DATA2002	2	24	Quakers Hill Sydney 	450	Never	2	Usually	Yes	8	7	1	Second year	Tennis, Swimming		5.5	1920-1930
16/08/2022 01:37:10	No	With parent(s) and/or sibling(s)	1.78m	I never travel to campus	I never travel to campus	100 AUD	6	7	54	Sometimes	Full time	Casual	Never	Wechat	Male	02:00:00	10:00:00	8	Medium-well done	Right	DATA2002	1	0	Shangcheng District, Hangzhou	0	1-3 days	0	Always	Yes	6	20	2	Second year	I don't play any sport		42.5	1990-2000
16/08/2022 08:32:35	No	College or student accomodation	168cm	Walk	I don't watch or listen to anything on the way to university	0	1	10	40	Yes	Full time	I don't currently work	Never	reddit	male	01:00:00	07:30:00	8	Medium-well done	Right	DATA2002	1	0	Redfern	0	Never	12	Always	No	1	10	0.5	Third year	I don't play any sport	0	41	1980-1990
16/08/2022 09:30:44		With parent(s) and/or sibling(s)	189	Train, Walk	I don't watch or listen to anything on the way to university, Music	$200	8	2	30	Yes	Full time	Casual	Some of the time	Instagram	Male	11:00:00	07:00:00	8	Medium-rare	Right	DATA2002	15	20	Sydney, Lindfield	400	1-3 days	3	Always	No	10	15	3	Second year	AFL	69	10	1980-1990
16/08/2022 09:47:01	Yes	With parent(s) and/or sibling(s)	178	Train	Music	$5200 total, $190 per day + airfares to/from Madrid	10	2	20	Yes	Full time	Part time	Most of the time	Instagram	Male	12:10:00	08:00:00	4	Medium-rare	Left	DATA2902	15	20	Sydney	500	1-3 days	2	Always	Yes	9	3	1	Second year	Soccer, Cricket, Running	82.8	10.5	1990-2000
16/08/2022 11:13:29	Yes	With parent(s) and/or sibling(s)	183cm 	Train	Music, Podcasts	350	7	9	12	No	Full time	I don't currently work	Only in breakout rooms	tiktok	female 	00:00:00	08:00:00	3	Medium-rare	Right	DATA2002	1	0	Edmondson Park 	100	1-3 days	2	Usually	Yes	6	6	3	Second year	I don't play any sport	69	10	1990-2000
16/08/2022 11:28:29	No	With parent(s) and/or sibling(s)	165cm	Train, Car, Walk	Music, Podcasts		4	8	9	Yes	Full time	Part time, self employed and contractor	Some of the time	Instagram	Female	00:30:00	08:00:00	7	Medium-rare	Right	DATA2902	4	35		200	4-6 days	8	Usually	Yes	8	5	6	Second year	Tennis, Swimming	73.4	9	
16/08/2022 11:36:53	Yes	With partner	171	I never travel to campus	I never travel to campus, Music		8	5	10	Sometimes	Full time	I don't currently work	Some of the time	WeChat	Male	03:00:00	11:55:00	7	Medium	Right	DATA2002	15	0	shenzheng	400	1-3 days	3	Usually	Yes	9	2	5	First year	Swimming	65	9	1980-1990
16/08/2022 11:43:38	Yes	Share house	167	Bus, Car	Music, Podcasts	200	6	8	6	Sometimes	Full time	Casual	Some of the time	Facebook	Female	23:00:00	07:15:00	7	I don't eat beef	Right	DATA2002	1	22.5	Marrickville	200	1-3 days	2	Usually	Yes	8	4	3	Third year	Basketball	70	12	1970-1980
16/08/2022 11:48:15	Yes	With parent(s) and/or sibling(s)	165	Train, Bus, Walk	I don't watch or listen to anything on the way to university	$3500	10	5	35	Sometimes	Full time	Casual	Only in breakout rooms	youtube	Female	22:30:00	07:30:00	8	Medium-rare	Ambidextrous	DATA2002	3	15		400	Never	3	Usually	Yes	6	8	2	Second year	Netball, Swimming, Waterpolo		7	1980-1990
16/08/2022 12:08:29	Yes	Alone	160 cm	Bus, Walk	Music, Podcasts, YouTube	300 - 500 AUD	10	8	5	No	Full time	Full time	Only in breakout rooms	tiktok	female	22:30:00	07:00:00	3	Medium-well done	Right	DATA2002	3	15	chippendale	200	Always	3	Always	Yes	7	8	5	Second year	Golf	65	39	1940-1950
16/08/2022 12:08:41	Yes	With parent(s) and/or sibling(s)	166cm	Train, Bus, Car	Music	3000	10	5	10	Sometimes	Full time	Casual	Some of the time	instagram	female	02:30:00	11:00:00	7	Medium-rare	Right	DATA2902	1	6	beaumont hills	200	1-3 days	1	Always	Yes	10	2	2	Second year	I don't play any sport	80	6.5	1920-1930
16/08/2022 12:09:01	No	With partner	181cm	Car	Music, Podcasts	$500	10	2	24	Yes	Part time	Full time	Some of the time	instagram	male	21:30:00	06:00:00	5	Medium-rare	Left	DATA2902	1	38	Sydney, Ryde	1000	Always	1	Always	Yes	5	1	1	First year	I don't play any sport	75	11	1980-1990
16/08/2022 12:12:23	Yes	With parent(s) and/or sibling(s)	6ft 2in	Train, Bus, Car, Walk	Music, Podcasts, YouTube, Streaming service (e.g. Netflix), Lecture recordings	175	7	4	15	Yes	Full time	Casual and Contractor on different jobs	Some of the time	Messenger	M	23:45:00	07:30:00	0	Medium-rare	Right	DATA2902	4	26	Sydney, Wentworthville	200	Never	3	Usually	Yes	9	7	2	Third year	I don't play any sport	75	11.5	1960-1970
16/08/2022 12:12:58	Yes	Share house	182cm	Walk	Music		10	2	30	No	Full time	Casual	All the time	Instagram	Male	23:00:00	07:30:00	3	Medium-rare	Right	DATA2902	6	8	Redfern, Sydney		Never	0	Always	Yes	8	7	0.5	Second year	Cricket, Rugby, Pool	78	12	1970-1980
16/08/2022 12:22:36	Yes	With parent(s) and/or sibling(s)	163cm	Train	Music	200	6	8	9	Sometimes	Full time	Casual	Only in breakout rooms	Twitter	Female	01:54:00	07:35:00	3	I don't eat beef	Left	DATA2002	2	7	Central Coast	300	Never	4	Always	Yes	5	4	5	Second year	I don't play any sport	75	6.5	1920-1930
16/08/2022 12:24:36	No	Share house	177.8	Walk	Music, Podcasts, YouTube, Streaming service (e.g. Netflix)	120	10	8	35	Sometimes	Full time	Part time	Some of the time	Instagram	Male	02:30:00	09:00:00	3	I don't eat beef	Right	DATA2002	10	25	Chippendale		1-3 days	1	Always	Yes	10	10	1.6	Second year	Cricket, Table tennis	80	9	1930-1940
16/08/2022 13:08:44	No	With partner	174	Train	Music, Streaming service (e.g. Netflix)		8	6	8	No	Part time	I don't currently work	Never	wechat	female	23:50:00	10:30:00	9	Medium-rare	Right	DATA2002	5	0	shanghai xuhui	150	Never	2	Always	Yes	8	20	2	Third year	I don't play any sport	59	38	1950-1960
16/08/2022 13:51:42	Yes	With parent(s) and/or sibling(s)	178	Walk	I don't watch or listen to anything on the way to university, Music	300 AUD	7	8	50	Yes	Full time	Casual	Some of the time	Instagram	Male	01:30:00	07:30:00	1	Medium-rare	Right	DATA2002	5	10	Sydney	200	Never	2	Always	Yes	8		1	Fourth year	Table tennis, Swimming	100	275	1980-1990
16/08/2022 14:10:12	No	With parent(s) and/or sibling(s)	162	Walk	I don't watch or listen to anything on the way to university	plan based on daily budget	3	10	20	Sometimes	Full time	I don't currently work	Never	Wechat 	Female	01:00:00	06:00:00	4	Well done	Right	DATA2902	7	0	RedFern	30	Never	7	Usually	Yes	4	7	0	Second year	I don't play any sport	50	31	1960-1970
16/08/2022 14:16:27	No	Alone	175cm	I never travel to campus	I never travel to campus	6000	4	10	10	Sometimes	Full time	I don't currently work	Some of the time	nothing	male	01:00:00	08:00:00	7	Medium	Right	DATA2002	7	0	glebe sydney	100	Never	5	Always	Yes	8	21	2	Second year	I don't play any sport	77	44	1990-2000
16/08/2022 14:24:45	Yes	With parent(s) and/or sibling(s)	178cm	Car	Music, Podcasts	500	9	4	25	Sometimes	Full time	Casual	Only in breakout rooms	Reddit	Female	23:00:00	10:13:00	3	Medium-rare	Right	DATA2902	15	12	Riverview, Sydney	450	4-6 days	0	Always	Yes	9	6	2	Second year	Swimming, Waterpolo	79.7	8.5	1990-2000
16/08/2022 14:43:36	No	With parent(s) and/or sibling(s)	165cm	Train, Bus, Walk	Music	200	9	10	35	Sometimes	Full time	Part time	Most of the time		F	02:00:00	08:15:00	4	Medium-rare	Right	DATA2902	2	5.5	Sydney, Belfield	100	Never	6	Always	Yes	9	9	1	Second year	I don't play any sport	87.5	38	1980-1990
16/08/2022 14:43:38	No	With parent(s) and/or sibling(s)	173	Train, Bus	Music	150	5	7	6	Sometimes	Full time	Part time	Only in breakout rooms	Instagram	Female	10:15:00	08:20:00	6	Medium-rare	Right	DATA2002	3	32	Sydney, West Ryde	120	4-6 days	0	Always	No	7	3	20	Third year	Table tennis, Frisbee	78.3	9	1980-1990
16/08/2022 14:57:31	No	With parent(s) and/or sibling(s)	156	Train, Walk	Music	200		7	10	No	Full time	Casual	Never	Instagram 	Female 	00:30:00	10:45:00	3	Medium-rare	Left	DATA2002	5	15	Ingleburn 	100	1-3 days	1	Always	Yes	8	5	6	Second year	I don't play any sport	70	9.5	1980-1990
16/08/2022 15:18:03	No	Share house	166cm	Train, Bus, Car, Walk	Music	$300	6	8	10	Sometimes	Full time	I don't currently work	Never	wechat	f	04:50:00	09:00:00	5	Medium	Right	DATA2002	3	0	Burwood Sydney	50	1-3 days	16	Usually	Yes	7	6	10	Third year	Table tennis, Swimming	50	39	1990-2000
16/08/2022 15:54:10	No	College or student accomodation	160	Walk	I don't watch or listen to anything on the way to university, Music	5000	10	1	30	No	Full time	Casual	Some of the time	whatsapp	Female	12:00:00	09:00:00	1	Medium-rare	Right	DATA2002	2	13	darlington	50	Never	0	Always	Yes	10	8	6	Second year	Netball, Volleyball, Golf, Swimming	70	37	1960-1970
16/08/2022 16:06:01	No	With parent(s) and/or sibling(s)	180.6	I never travel to campus	I never travel to campus, Lecture recordings	$1000	6	7	8	Sometimes	Full time	I don't currently work	Only in breakout rooms	tiktok	male	23:30:00	08:30:00	3	Medium	Right	DATA2002	1.5	0	xian	10	4-6 days	2	Always	No	7	10	2	Fourth year	Soccer	73	42	1990-2000
16/08/2022 16:09:16	Yes	With partner	152	Train, Bus, Car	Music, YouTube	800	10	7	50	Sometimes	Full time	I don't currently work	Never	youtube 	female 	02:00:00	09:00:00	3	Medium-well done	Right	DATA2002	8	0	burwood 	200	Never	0	Always	Yes	7	8	5	Third year	Swimming, gym	72	37	1990-2000
16/08/2022 16:10:02	No	With partner	175	Train	Music	food	9	8	30	No	Part time	I don't currently work	Never	wechat	female	23:30:00	10:30:00	9	Medium-rare	Right	DATA2002	5	10	shanghai xuhui	100	Always	2	Always	Yes	9	10	2	Third year	I don't play any sport	60	38	1940-1950
16/08/2022 16:11:49	No	With parent(s) and/or sibling(s)	168cm	I never travel to campus	I never travel to campus	10000	8	5	30	Sometimes	Full time	Part time	Only in breakout rooms	wechat	female	23:30:00	07:30:00	9	Medium	Right	DATA2002	6	0	Shanghai	100	4-6 days	5	Always	Yes	7	12	5	First year	Tennis, Swimming		38	1980-1990
16/08/2022 16:13:03	Yes	Share house	162	Bus, Walk	Music	600	10	8	6	No	Full time	I don't currently work	Never	wechat	female	03:00:00	10:00:00	5	Well done	Right	DATA2002	4	0	camperdown	100	Never	3	Always	Yes	7	8	6	Second year	Badminton	68	36.5	1970-1980
16/08/2022 16:13:46	No	With parent(s) and/or sibling(s)	1.80m	Train	Music	200	10	3	8	Sometimes	Full time	I don't currently work	Some of the time	WeChat	M	23:00:00	07:30:00	7	Medium-well done	Right	DATA2002	5	0	Off_shore	50	Never	1	Never	Yes	6	5	2	Fourth year	RingFit	50	45	1990-2000
16/08/2022 16:15:41	No	With parent(s) and/or sibling(s)	155cm	Train, Car, Walk	Music		8	5			Full time	I don't currently work	Some of the time	tiktok	female	00:00:00		1	Medium-rare	Ambidextrous	DATA2002							Always	Yes	5		4	Second year		70		
16/08/2022 16:38:34	No	With partner	162cm	I never travel to campus	I never travel to campus, Music	3000RMB	9	8	50	Sometimes	Full time	I don't currently work	Some of the time	Twitter	female	23:30:00	08:00:00	3	Medium-well done	Right	DATA2002	1	0	Wuhan		4-6 days	1	Always	Yes	8	11	5	Second year	Volleyball, Swimming, running, badminton		4	1900-1910
16/08/2022 17:18:25	Yes	With parent(s) and/or sibling(s)	156	Train, Walk	I don't watch or listen to anything on the way to university	500	3	9	24	Sometimes	Full time	I don't currently work	Never		female	02:27:00	08:30:00	2	Medium-rare	Right	DATA2002	7				1-3 days	2	Usually	Yes	5	6	1	Second year	I don't play any sport		5	1960-1970
16/08/2022 17:27:41	Yes	With parent(s) and/or sibling(s)	173	Train, Walk	Podcasts	150	9	5	25	Yes	Full time	Casual	Some of the time	Instagram	Woman	11:45:00	08:20:00	2	I don't eat beef	Right	DATA2902	5	12	Sydney	100	1-3 days	1	Usually	Yes	9	8	1	Fifth or higher year	Boxing	80	10	1970-1980
16/08/2022 18:09:03	Yes	College or student accomodation	176	Walk	Music	70-100	10	8	30	Sometimes	Full time	Part time	Never	twitter	male	00:45:00	08:00:00	8	Medium-rare	Right	DATA2002	4	12	Newtown	-100	Never	0.5	Always	No	7	6	1.5	Fourth year	Tennis, Table tennis	76	9	1920-1930
16/08/2022 18:56:13	No	College or student accomodation	175	Walk	I don't watch or listen to anything on the way to university	50	1	10	40	No	Full time	I don't currently work	Never	youtube	male	00:00:00	08:00:00	3	Well done	Right	DATA2002	3.5	0	Sydney, Haymarket	-150	Never	3	Always	Yes	1	10	2	Third year	running	60	42	1970-1980
16/08/2022 20:26:42	Yes	With parent(s) and/or sibling(s)	172	Train, Bus	Music, Streaming service (e.g. Netflix), Lecture recordings	$2000	10	3	20	No	Full time	Part time	Most of the time	Facebook	Male	00:10:00	06:00:00	6	Medium-rare	Right	DATA2002	14	12	Gosford, Umina	500	Never	3	Always	Yes	9	8	2	Second year	Surf	75	27.5	1910-1920
16/08/2022 21:05:38	No			Train			7				Full time	Part time						3		Right	DATA2002							Always	Yes	8							
16/08/2022 21:43:39	Yes	With parent(s) and/or sibling(s)	170	I never travel to campus	Music	2000	6	7	25	Sometimes	Part time	Casual	Some of the time	wechat	female	22:30:00	22:30:00	4	Medium	Right	DATA2002	12	0	kinsford	20	1-3 days	1	Always	Yes	10	9	4	Second year	Tennis	78	6.5	1930-1940
16/08/2022 23:08:09	Yes	Alone	169cm	Train, Bus, Walk	Music, Lecture recordings	150	9	7	30	Sometimes	Full time	Part time	Most of the time	Instagram	Female	11:37:00	07:30:00	5	Medium-well done	Right	DATA2902	2	40	Elizabeth Bay, Sydney	400	4-6 days	10	Always	Yes	8	5	2	Second year	Tennis, Badminton		6	1920-1930
16/08/2022 23:31:01	No	With parent(s) and/or sibling(s)	173	Train, Car	Music, YouTube	250	6	1	20	No	Full time	Casual	Never	YouTube	Male	01:00:00	07:15:00	6	Medium-rare	Right	DATA2002	5	10	Sydney	300	Never	4	Always	Yes	8	5	1	Fifth or higher year	Volleyball	73	6	1970-1980
17/08/2022 08:40:32	Yes	With parent(s) and/or sibling(s)	184	Train, Bus, Car	Music		8	7	3	Sometimes	Full time	Casual	Some of the time	TikTok	Female	09:45:00	07:00:00	4	Medium	Right	DATA2902	3	20	Epping, NSW	175	1-3 days	4	Always	Yes	7	6	3	Third year	Netball, Swimming	78	42	1990-2000
17/08/2022 08:43:25	No	With partner	185cm	Car	Music	$1200	10	6	12	Yes	Full time	Full time	Most of the time	Instagram	Male	22:30:00	07:00:00	9	Rare	Right	DATA2002	6	40	Sydney, Erskineville	1000	4-6 days	1	Never	Yes	10	6	8	Second year	I don't play any sport	81	10	1950-1960
17/08/2022 09:36:16	Yes	With parent(s) and/or sibling(s)	171 cm	Bus	Music	82	10	3	7	Sometimes	Full time	Casual	Most of the time	Youtube	Male	00:00:00	07:30:00	3	Medium-rare	Right	DATA2002	2.5	5	Sydney, Balmain	230	1-3 days	1	Always	Yes	10	1.5	1	Second year	I don't play any sport	84.3	9	1970-1980
17/08/2022 09:38:22	Yes	With parent(s) and/or sibling(s)	170cm	Train	Music, Podcasts		7	8	20	No	Full time	Casual	Some of the time	Instagram	Femaile	23:15:00	07:15:00	6	I don't eat beef	Right	DATA2002	7	11	Denistone		Never	5	Always	Yes	9	7		Third year	Dance	84.4	9.5	1980-1990
17/08/2022 11:07:04	No	With parent(s) and/or sibling(s)	155cm	I never travel to campus	I don't watch or listen to anything on the way to university	500AUD	6	5	18	Sometimes	Full time	I don't currently work	Never	ins	female	23:30:00	09:30:00	8	Well done	Right	DATA2002	3	0	SHENZHENï¼ŒCHINA	50	1-3 days	0	Always	Yes	6	8	3	Second year	walk or run	79	3	1990-2000
17/08/2022 11:22:24	No	With partner	163 cm	Bus	Music	400	10	9	8	Yes	Full time	Part time	Only in breakout rooms	Instagram	Male	02:00:00	10:00:00	5	Medium	Left	DATA2002	1	12	Haymarket	200	Never	1	Always	Yes	10	4	2	Second year	Golf		8	1920-1930
17/08/2022 13:53:20	Yes	College or student accomodation	185	Walk	Music	300	10	1	40	No	Full time	I don't currently work	Never	Twitter 	Male	01:00:00	10:00:00	7	Medium-rare	Right	DATA2002	4	0	Sydeny Ultimo		Never	0	Always	Yes	7	6	1	Third year	Soccer, Swimming		10	1900-1910
17/08/2022 13:57:26		Alone	159	Bus, Car, Tram	I don't watch or listen to anything on the way to university	300	10	10	28	Sometimes	Full time	I don't currently work	Some of the time	instagram	female	01:13:00	08:23:00	4	Medium-rare	Right	DATA2002	1	0	Sydney, Rosebery	-100	1-3 days		Always	Yes	8	6	1	Second year	I don't play any sport		37	1990-2000
17/08/2022 14:00:28	Yes	With partner	180	Train, Bus	Music, YouTube		10	2	35	Sometimes	Full time	I don't currently work	Some of the time	Discord	Male	01:00:00	09:30:00	7	Don't eat steak	Right	DATA2002	7	0	Sydney Zetland	100	Never	0	Always	Yes	6	8	5	Fourth year	I don't play any sport		8	1980-1990
17/08/2022 14:05:46	Yes	With parent(s) and/or sibling(s)	172cm	Bus, Tram	Music	200	10	8	2	No	Full time	Casual	Never	YouTube	Male	02:00:00	10:00:00	3	Medium-rare	Right		0	0	Sydney	0	Never	1	Always	No	4	0	20	Second year	Volleyball		10	1990-2000
17/08/2022 15:17:47	No	With parent(s) and/or sibling(s)	174cm	I never travel to campus	I never travel to campus	100	3	8	28	Sometimes	Full time	I don't currently work	Never	wechat	male	23:00:00	08:00:00	0	Medium-rare	Right	DATA2002	0.8	0	Shanghai	0	Never	1	Always	Yes	5	6	2	Second year	I don't play any sport	75	42	1990-2000
17/08/2022 16:36:26	No	Share house	180	Walk	I don't watch or listen to anything on the way to university		5	4	10	Sometimes	Full time	Self employed	Some of the time		male	01:00:00	09:00:00	4	Rare	Right	DATA2002		2	Glebe, Sydney		Always	1	Usually	Yes	8	5	2	Second year				1900-1910
17/08/2022 19:11:59	No	With partner	170	Bus	Music	150	10	3	20	No	Full time	I don't currently work	Never	instagram	Male	01:00:00	09:50:00	9	Medium	Right	DATA2002	2	0	Sydney	100	4-6 days	5	Always	Yes	4	6	48	Second year	I don't play any sport	67	9	1990-2000
17/08/2022 20:57:54	Yes	With parent(s) and/or sibling(s)	181 cm	Train	I don't watch or listen to anything on the way to university	200	8	2	30	Sometimes	Full time	Casual	Only in breakout rooms	Instagram	Male	00:00:00	06:50:00	1	Medium-rare	Right	DATA2002	10	17	Cherrybrook	350	1-3 days	1	Always	Yes	9	6	1	Second year	Soccer	87	10	1980-1990
17/08/2022 23:26:02	No	With parent(s) and/or sibling(s)	165cm	Train	Music, Podcasts, YouTube	400	8	10	30	No	Full time	I don't currently work	Only in breakout rooms	instagram 	f	00:30:00	08:00:00	7	Medium-rare	Right	DATA2002	3	0	rhodes	50	Never	1	Always	Yes	8	3	3	Second year	badminton	85	6.5	1970-1980
18/08/2022 01:14:38	Yes	With parent(s) and/or sibling(s)	158cm	Bus	Music, Lecture recordings	$2000	10	3	12	Yes	Part time	Casual	Only in breakout rooms	YouTube	Female	11:00:00	08:30:00	7	Medium-well done	Right	DATA2902	2	30	2037	500	1-3 days	1	Always	Yes	7	5	1	First year	Soccer	75	6	1920-1930
18/08/2022 12:54:27	Yes	With parent(s) and/or sibling(s)	172	Train	Music	$1000	7	3	20	Yes	Full time	I don't currently work	Never	instagram	Male	23:00:00	11:00:00	7	Medium-rare	Ambidextrous	DATA2002	10	0	eastwood	0	Never	5	Always	No	7	5	2	Second year	Table tennis	75	10.5	1990-2000
18/08/2022 16:12:50	Yes	Share house	193	Bus, Car	Music	200	10	7	40	Sometimes	Full time	Part time	Some of the time	None	Male	22:30:00	07:00:00	2	Medium-well done	Ambidextrous	DATA2002	4	20	Melbourne Box Hill	200	1-3 days	1	Usually	Yes	8	12	1	Second year	Soccer, Swimming	66	12	1970-1980
18/08/2022 16:18:13	No	With parent(s) and/or sibling(s)	176	Walk	I don't watch or listen to anything on the way to university	150	4	6	35	Sometimes	Full time	I don't currently work	Only in breakout rooms	WeChat	male	02:00:00	10:00:00	7	Well done	Left	DATA2002	7	0	china	60	1-3 days	1	Always	Yes	5	7	4	Third year	Swimming, basketball	72	42.5	1990-2000
19/08/2022 10:50:32	No	With parent(s) and/or sibling(s)	175cm	Train, Bus	Music, Podcasts	$150	8	4	35	No	Full time	Casual	Only in breakout rooms	Facebook	Male	23:00:00	07:00:00	4	Medium-rare	Left	DATA2902	8	12	Sydney	300	1-3 days	2	Always	Yes	8	5	1	Third year	Tennis, Basketball	72	11	1980-1990
19/08/2022 13:01:26	No	With parent(s) and/or sibling(s)	154 cm	Train, Walk	Music	$500	9	3	15	Yes	Full time	Part time	Only in breakout rooms	Reddit	Female	12:00:00	08:00:00	6	Rare	Left	DATA2002	6	15	Sydney, Punchbowl	300	Never	4	Always	Yes	8	6		Fourth year	Martial art		7	1910-1920
19/08/2022 13:56:22	Yes	College or student accomodation	165	Walk	Music	200	8	6	60	No	Full time	I don't currently work	Never	wechat	female	03:30:00	10:00:00	0	Medium-well done	Right	DATA2002	3	0	darlington	30	4-6 days	1	Always	Yes	7	1	5	Second year	Dancing	78	37	1900-1910
19/08/2022 14:11:09	No	College or student accomodation	175cm	Bus	Music	100	9	2	25	Sometimes	Full time	Part time	Never	Instagram	male	01:30:00	10:00:00	2	Medium-rare	Right	DATA2002	8	4	Mascot, Sydney	50	Always	3	Always	Yes	10	6	2	Third year	Basketball	78	42.5	1990-2000
19/08/2022 14:12:40	Yes	With parent(s) and/or sibling(s)	5.7	Train	Music	200	10	4	10	Yes	Full time	Casual	Some of the time	Facebook	Male	03:00:00	09:30:00	7	Medium-rare	Right	DATA2902	6	15	North Sydney	200	Never	0	Always	Yes	8	4	15	Third year	Soccer, Tennis	69	7.5	1980-1990
19/08/2022 16:16:53	No	With partner	158	Walk	I don't watch or listen to anything on the way to university	300AUD	10	2	28	No	Full time	Casual	Never	wechat/facebook	female	01:00:00	00:00:00	6	Medium-rare	Right	DATA2902	1	5	Sydney	30	Never	0.5	Usually	Yes	8	10	2	Second year	Table tennis, Swimming	8.2	36	1990-2000
19/08/2022 16:23:31	Yes	With parent(s) and/or sibling(s)	254	Train, Bus	Music	200	6	5	10	No	Full time	Casual	Only in breakout rooms	discord	attack helicopter	19:00:00	02:00:00	4	Medium-well done	Ambidextrous	DATA2002	52	24		300	1-3 days	20	Always	Yes	6	2	5	Third year	Soccer	69	8	1950-1960
20/08/2022 13:30:30	Yes	With parent(s) and/or sibling(s)	5 ft 10	Train, Car, Walk	Music, Podcasts, Streaming service (e.g. Netflix)	200	10	5	10	Sometimes	Full time	Self employed	Never	Tiktok	Male	02:00:00	09:00:00	0	Medium-rare	Right	DATA2002	8	5.5	Longueville, Sydney	50	Never	3	Always	Yes	10	7	4	Second year	Basketball	80	10	1990-2000
20/08/2022 17:24:10	Yes	With parent(s) and/or sibling(s)	174	Train	Music, YouTube	200	10	1	25	Yes	Full time	Casual	Only in breakout rooms	Instagram	Male	05:00:00	14:00:00	6	Medium-rare	Right	DATA2002	4	20	Killara		1-3 days	0	Usually	Yes	8	8	3	Third year	I don't play any sport		40	1900-1910
20/08/2022 18:20:04	No	College or student accomodation	156 cm	Walk	Music	700	10	8	42	Sometimes	Full time	Casual	Most of the time	Instagram	F	02:00:00	07:00:00	3	Medium-well done	Ambidextrous	DATA2002	7	4	Darlington, NSW	100	1-3 days	0	Always	Yes	10	9	3	Second year	I don't play any sport	82	8	1980-1990
20/08/2022 19:12:56	Yes	Share house	170	Walk	Music	$100	9	9	42	No	Full time	I don't currently work	Never	Instagram	male	03:00:00	11:00:00	9	Well done	Right	DATA2002	0		Newtown	1	Never	1	Always	No	9	5	7	Second year	Soccer	75.1	31	1980-1990
20/08/2022 21:05:46	No	College or student accomodation	178	Walk	I don't watch or listen to anything on the way to university		7	4	35	No	Full time		Never	wechat	male	23:00:00	09:00:00	0	Medium-well done	Right	DATA2002	7	0	glebe		Never	0	Always	Yes	7	6	1	Second year	I don't play any sport		13	1940-1950
20/08/2022 22:16:07	No	With parent(s) and/or sibling(s)	165	Bus, Walk	Music	food	1	10	3	Sometimes	Full time	Part time	Never	Twitter	female	00:00:00	10:00:00	3	Medium	Right	DATA2002	0	26	Cherrybrook	300	Never	2	Usually	Yes	7	1	8	Fifth or higher year	I don't play any sport	45		1990-2000
20/08/2022 23:22:59	No	Share house	1.81 m	Train, Bus	Music, Lecture recordings	$150	9	5	25	Sometimes	Full time	I don't currently work	Only in breakout rooms	Instagram	male	00:00:00	09:00:00	1	Medium-well done	Right	DATA2002	3	0	Sydney, St Andrews	0	1-3 days	1	Always	Yes	7	7	2	Second year	Swimming	80	11	1980-1990
20/08/2022 23:24:38	Yes	With parent(s) and/or sibling(s)	6 foot 2 	Bus	Music, Podcasts	2000	9	2	30	No	Full time	Casual	Some of the time	Tik Tok	Male	00:00:00	07:30:00	7	I don't eat beef	Right	DATA2902	15	0	Sydney, Rozelle	0	1-3 days	4	Always	Yes	10	8	4	Second year	Cricket, Table tennis, Golf	83.2	12.5	1970-1980
20/08/2022 23:50:58	No	College or student accomodation	170	Walk	Music	All my money: Food	8	7	5	Sometimes	Full time	Self employed	Some of the time	Reddit	Female	10:45:00	07:00:00	7	Medium	Right	DATA2902	4	3	Sydney, Darlington	-400	Never	5	Always	Yes	6	1	5	Second year	Swimming	87.2	8	1990-2000
20/08/2022 23:58:38	No	With parent(s) and/or sibling(s)	170	I never travel to campus	I never travel to campus	100	8	8	10	Yes	Full time	Part time	Most of the time	WeChat	female	01:00:00	08:00:00	7	Well done	Right	DATA2002	8	0	urumqi		Always	1	Always	Yes	8	10	4	Third year	Swimming, running	60	38	1940-1950
21/08/2022 10:26:19	No	Alone	166.6	Walk	I don't watch or listen to anything on the way to university, Music, Podcasts	400	8	3	49	No	Full time	I don't currently work	Some of the time	Wechat	Female	00:48:00	07:58:00	7	Well done	Right	DATA2002	2	0	Sydney and Chippendale	100	4-6 days	2	Always	No	7	9	5	Third year	Swimming	60	37.5	1990-2000
21/08/2022 12:50:52	Yes	With parent(s) and/or sibling(s)	193 cm	Car	Music	100	10	3	20	No	Full time	Casual	Most of the time	Messenger	Male	11:20:00	07:00:00	8	Medium-rare	Right	DATA2002	12	8	Canterbury	80		8	Always	Yes	8	6	2	Second year	Kick Boxing	79	13	1950-1960
21/08/2022 13:17:12	No	With partner	175	Train, Bus, Car, Walk, Tram	Music, Podcasts, YouTube, Streaming service (e.g. Netflix), Lecture recordings	10000	10	10	40	Yes	Full time	Part time	Some of the time	wechat	male	00:00:00	10:00:00	7	Medium	Right	DATA2002	6	0	guangzhou	40	Always	0	Always	Yes	10	10	4	Second year	Soccer, Tennis, Golf, Swimming, Rowing, AFL	75	44	1990-2000
21/08/2022 14:27:07	Yes	With parent(s) and/or sibling(s)	157 cm	Bus	Music	150	8	5	20	Sometimes	Full time	Casual	Some of the time	tik tok	female	01:30:00	08:20:00	2	Medium-rare	Right	DATA2002	5	25	croydon, sydney	250	Never	2	Always	Yes	3	6	3	Second year	I don't play any sport	75	7	1990-2000
21/08/2022 15:36:29	Yes	College or student accomodation		Walk	Music		8	2	13	Sometimes	Full time	I don't currently work	When I am told to turn it on	TikTok	Female	05:00:00	12:00:00	7	Medium-rare	Right	DATA2002	0	0	Sydney, Newtown	0	Never	1	Usually	No	6	8	1	Second year	I don't play any sport		7	1990-2000
21/08/2022 15:58:45	Yes	With parent(s) and/or sibling(s)	153cm	Train, Bus, Walk	I don't watch or listen to anything on the way to university	120	8	2	10	No	Part time	Part time	Only in breakout rooms	Messenger	Female 	03:00:00	00:00:00	0	Medium-well done	Right	DATA2002	0	1.5	Sydney, Wiley Park	80	Always	4	Sometimes	Yes	10	9	2	Second year	I don't play any sport	70.67	7	1990-2000
21/08/2022 17:23:31	Yes	Share house	173cm	I never travel to campus	I never travel to campus	165	10	7	50	Yes	Full time	Casual	Some of the time	Instagram	Male	23:30:00	08:45:00	7	Rare	Right	DATA2902	2	10	Ainslie, Canberra	0	Never	1.5	Always	Yes	8	13	0.5	Third year	Bouldering	77.33	7.5	1980-1990
21/08/2022 18:49:30	No	Share house	170cm	Walk	I don't watch or listen to anything on the way to university	200 aud	9	4	28	Sometimes	Full time	I don't currently work	Some of the time	red book	female	02:00:00	11:00:00	6	Well done	Right	DATA2002	4	0	Sydney Haymarket	0	Never	1	Always	Yes	8	10	6	Third year	Tennis	70	37	1900-1910
21/08/2022 22:09:56	No	With parent(s) and/or sibling(s)	165	Train, Car	Music, Lecture recordings	$50	10	6	30	Sometimes	Full time	Casual	Most of the time	Instagram	Male 	22:00:00	08:00:00	4	Medium	Right	DATA2002	12	10	Mount Druitt, Sydney	-50	Never	5	Never	Yes	7	10	3	Second year	Soccer	34	7	1990-2000
21/08/2022 22:35:29	No	With partner	180cm	I never travel to campus	I never travel to campus	400AUD	9	8	30	Yes	Full time	I don't currently work	Some of the time	weibo	male	01:50:00		6	Well done	Right	DATA2002	7	2	HangZhou	30	1-3 days	1	Usually	Yes	6	7	3	Third year	Netball		42	1980-1990
21/08/2022 23:54:17	No	Share house	1.53m	Walk	I don't watch or listen to anything on the way to university	$70	8	1	58	Yes	Full time	I don't currently work	Only in breakout rooms	Facebook	Nonbinary	01:00:00	08:30:00	7	Well done	Ambidextrous	DATA2002	0.5	0	ENMORE	0	1-3 days	1	Usually	Yes	9	7	1	Second year	I don't play any sport	78	36.5	1910-1920
22/08/2022 00:04:53	No	College or student accomodation	170	Walk	Music	200	8	6	12	Sometimes	Full time	I don't currently work	Never	LIHKG	Male	03:30:00	14:00:00	2	Medium-rare	Right	DATA2002	2	0	Glebe	50	Never	1	Always	Yes	3	5	6	Second year	Table tennis, Swimming	72	9	1990-2000
22/08/2022 12:14:13	Yes			Bus, Walk	Music		10			Yes	Full time				Female			3	Well done		DATA2902							Always	Yes				First year				
22/08/2022 12:25:17	No	Alone	166cm	Walk	Music	100	6	10	30	No	Full time	I don't currently work	Never	bilibili	female	23:00:00	08:30:00	9	Well done	Right	DATA2902	7	0	redfern, sydney	20	Always	2	Usually	Yes	3	6	4	Second year	I don't play any sport	70	6.5	1920-1930
22/08/2022 12:27:59	No	Alone	166cm	Walk	Music	100	6	10	30	No	Full time	I don't currently work	Never	bilibili	female	23:00:00	08:30:00	9	Well done	Right	DATA2902	7	0	redfern,sydney	20	Always	2	Usually	Yes	3	6	4	Second year	I don't play any sport	70	6.5	1920-1930
22/08/2022 13:06:07	No	With parent(s) and/or sibling(s)	163 cm	I never travel to campus	I never travel to campus	100	9	7	7	Sometimes	Full time	I don't currently work	Never	wechat	female	23:00:00	07:15:00	3	Medium-well done	Right	DATA2002	6	0	Guangzhou Guangdong	60	1-3 days	0	Always	Yes	8	5	5	Second year	fitness	78	38.5	1980-1990
22/08/2022 13:17:33	Yes	With parent(s) and/or sibling(s)	5ft2	Train	Lecture recordings	idk	9	7	0	Yes	Full time	Casual	Most of the time	instagram	female	01:00:00	07:00:00	8	Well done	Right	DATA2002	2	5	rousehill, sydney	100	1-3 days	1	Always	Yes	9	5	5	Third year	badmington	85	9	1970-1980
22/08/2022 13:22:23	No	Alone	180cm	Bus, Walk	I don't watch or listen to anything on the way to university	600	9	3	24	No	Full time	I don't currently work	Most of the time	NA	Male	02:00:00	08:20:00	8	Medium-well done	Right	DATA2002	2	0	sydney	0	4-6 days	0	Always	Yes	8	7	2	Second year	Table tennis			1960-1970
22/08/2022 13:23:53	Yes	With parent(s) and/or sibling(s)	195cm	Train, Bus, Walk	Music		10	4		Sometimes	Full time	Casual	Never		Male	01:00:00	11:00:00	4	Medium-rare	Right	DATA2902		20	Newport		Never		Always	Yes	8			Second year	Tennis, AFL, Basketball		13	1990-2000
22/08/2022 13:25:40	No	With parent(s) and/or sibling(s)	167cm	Train	Music, YouTube	i don't know	9	6	30	Sometimes	Full time	I don't currently work	Only in breakout rooms	no	female	00:00:00	07:00:00	5	Well done	Right	DATA2002	5	0	city	0	4-6 days	0	Always	Yes	6	14	3	Second year	skateboard	65.3	23	1980-1990
22/08/2022 13:26:06	Yes	Alone	174	Walk	I don't watch or listen to anything on the way to university	250	7	3	24	Sometimes	Full time	Casual	Never	Reddit	Male	01:00:00	08:30:00	2	Medium-rare	Right	DATA2902	6	5	Redfern	0	Never	1	Usually	Yes	6	5	1	Second year	Swimming, Bouldering	92.2	8	1980-1990
22/08/2022 13:40:05	Yes	Alone	5.7	Train, Walk	Music	69	10	10	18	Sometimes	Full time	Full time	Lmao	Facebook	Other	10:24:00	07:00:00	1	Vegan	Right	DATA2902	14	20	Australia	4023	Always	6	Sometimes	Yes	5	78	24	Fifth or higher year	Soccer, Netball, Cricket, Tennis, Volleyball, Table tennis, Rugby, Golf, Swimming, Rowing, NRL, AFL, I don't play any sport, Singing	1	7.5	1950-1960
22/08/2022 13:47:21	Yes	With parent(s) and/or sibling(s)	171	Train				5	8	No	Full time	I don't currently work		instagram	male	03:00:00	09:30:00	5	Well done	Right	DATA2002	1		merrylands 	200	Never		Usually	Yes	7	3	3	Third year	Soccer	69	11	1940-1950
22/08/2022 13:48:00	Yes	With parent(s) and/or sibling(s)	153	Car	Music	1000	9	6	12	No	Full time	Part time	Never	Instagram	Female	10:45:00	06:40:00	6	Medium	Left	DATA2002	3	15	Vaucluse	300	4-6 days	1	Usually	Yes	7	3	4	Second year	Tennis	74	7	1960-1970
22/08/2022 13:50:49	Yes	Share house	185	Train	Streaming service (e.g. Netflix)	$200	10	1	30	No	Full time	Casual	Only in breakout rooms	stackoverflow	male	12:20:00	08:30:00	4	Medium	Left	DATA2002	8	2	EPPING	200	1-3 days	3	Always	Yes	7	7	40	Second year	Swimming	75	43	1960-1970
22/08/2022 14:51:26	No	With parent(s) and/or sibling(s)	186cm	I never travel to campus	I never travel to campus		5	7		Sometimes	Part time	I don't currently work	Some of the time	wechat	19	02:00:00	10:00:00	9	Medium-well done	Right	DATA2002	10	0			Never	0	Always	Yes	7		3	Second year	basketball	64	46	1990-2000
22/08/2022 15:02:07	No	With parent(s) and/or sibling(s)	180cm	Walk	Music, Podcasts, YouTube, Lecture recordings	$200	7	3		Sometimes	Full time	Casual	Most of the time		Male	03:45:00	11:30:00	2	Medium-rare	Right	DATA2002	3	17	Darlington	200	Never	2	Usually	Yes	6	9	1	Second year	Tennis	75	11.5	1960-1970
22/08/2022 15:19:48	Yes	With parent(s) and/or sibling(s)	185cm	Bus, Walk	Music	$500	8	5	25	Yes	Full time	Self employed	Most of the time	YouTube	Male	00:30:00	06:30:00	3	Medium-rare	Right	DATA2902	3	2	Sydney	60	Never	0	Always	Yes	9	1	0.5	Second year	Bouldering	90.55	10.5	1990-2000
22/08/2022 15:53:32	No	Share house	178	Car	Music	1500	10	10	10	Sometimes	Full time	I don't currently work	Only in breakout rooms	wechat	Male	03:30:00	10:30:00	3	Medium-well done	Right	DATA2002	2	0	Zetland	0	1-3 days	2	Always	Yes	7	5	4	Third year	Basketball	65	45	1970-1980
22/08/2022 16:09:39	Yes	College or student accomodation	180 cm	Walk	Music	200	7	2	10	Sometimes	Full time	I don't currently work	Never	Instagram	Male	12:00:00	08:20:00	5	Medium-well done	Left	DATA2002	3		Haymarket	45	Always	12	Always	Yes	10	8	3	Fourth year	Soccer	97	28	1900-1910
22/08/2022 16:13:37	No	Share house	185	Car	Music	150	7	7	40	Sometimes	Full time	I don't currently work	Some of the time		male	09:00:00	08:00:00	0	Medium-well done	Right	DATA2002	7	0	sydney	100	1-3 days		Always	Yes	7	14	6	Third year	Swimming		43	1990-2000
22/08/2022 16:16:57	No	With parent(s) and/or sibling(s)	165	I never travel to campus	I don't watch or listen to anything on the way to university	$350	7	3	35	Yes	Full time	Doing internship during the vacation	Never	Wechat	Male	22:00:00	06:30:00	7	Medium	Ambidextrous	DATA2002	7	0	Guangzhou, Haizhu	35	Always	0	Always	Yes	9	10	1.5	Second year	Soccer, Bodybuilding	78	41	1990-2000
22/08/2022 16:24:34	No	Share house	168cm	Bus, Walk	Music, Podcasts	600	5	8	20	No	Full time	I don't currently work	Never	none	female	00:12:00	08:15:00	6	Medium-well done	Right	DATA2002	1	0	Alexandria	0	1-3 days	3	Always	Yes	8	8	3	Second year	I don't play any sport	70	37	1990-2000
22/08/2022 16:29:17	No	Share house	185	Train, Bus	Music, YouTube	2500	10	5	30	Yes	Full time	I don't currently work	Some of the time	Instagram	Male	23:00:00	08:30:00	6	Medium-well done	Right	DATA2002	10	0	Sydney	0	4-6 days	0	Always	Yes	8	7	3	Second year	Soccer, Table tennis, Swimming, badminton	75	11.5	1990-2000
22/08/2022 16:45:23	No	Alone	160	Bus, Walk	I don't watch or listen to anything on the way to university	no idea	8	7		Sometimes	Full time	I don't currently work	cc lab	twitter	female	02:00:00	09:00:00	7	Medium	Right	DATA2002			sydney		Never	1	Usually	Yes	8			Second year	Tennis, badminton	80	37	1900-1910
22/08/2022 17:22:19	No	Share house	165	Walk	Music	500	6	6	30	No	Full time	I don't currently work	Never	ticktock	female	03:00:00	11:00:00	7	Medium-well done	Right	DATA2002	5	0	Sydney	0	1-3 days	4	Usually	Yes	7	4	2	Second year	I don't play any sport	73.4	37	1980-1990
22/08/2022 17:48:49	No	Share house	177	Car	Music	400	5	2	24	Yes	Full time	Part time	Never	Weibo	Male	01:00:00	10:30:00	9	Medium-well done	Right	DATA2002	5	12	Rosebery	0	Always	3	Always	Yes	7	6	3	Third year	I don't play any sport	74	43	1990-2000
22/08/2022 19:42:53	No	College or student accomodation	158	Walk	Music	2500	8	7	49	No	Full time	I don't currently work	Some of the time	instagram	female	09:30:00	06:30:00	6	Medium-well done	Right	DATA2002	2	0	ultimo	0	Never	0	Always	Yes	9	8	4	Third year	Tennis	80	6	1990-2000
22/08/2022 20:22:29	No	With partner	172	Walk	Music, YouTube	300	6	8	40	Sometimes	Full time	I don't currently work	Only in breakout rooms	Twitter	male	00:00:00	08:00:00	9	Medium	Right	DATA2002	0	0	Redfern	100	Never	0	Always	No	5	20	10	Second year	Table tennis	70	43	1990-2000
22/08/2022 22:11:16	No	With parent(s) and/or sibling(s)	172	I never travel to campus	I never travel to campus	500	7	10	26	Sometimes	Full time	I don't currently work	Never	Twitter	Male	01:00:00	07:40:00	7	Medium-well done	Right	DATA2002	6	0	Guangzhou	40	Never	1	Always	Yes	5	6	2	Second year	Soccer	70.5	43	1940-1950
22/08/2022 23:52:42	Yes	Alone	172	Train, Bus	Music, YouTube	3500	10	7		Sometimes	Full time	I don't currently work		instagram	female	01:00:00	08:00:00	6		Right	DATA2002	1		Ashfield		Never	1	Always	No	4	10	3	Second year		77		1900-1910
23/08/2022 12:17:15	Yes	With parent(s) and/or sibling(s)	175cm	Train, Car	Music	$80	10	4	20	Sometimes	Full time	Part time	Some of the time	None	Male	00:00:00	05:30:00	7	Medium-rare	Left	DATA2002	12	12	Bexley, NSW	400	Never	2	Always	No	6	6	1.5	Third year	Soccer, Basketball	76	10	1980-1990